"contrast","serotype","diff_mean","diff_median","diff_lo","diff_hi","p_gt_0","p_lt_0"
"nckp_vdl_pcv7 - nckp_andrews","4",0.168401133389958,0.210050837462169,-0.612266208844272,0.667138731044605,0.78475,0.21525
"nckp_vdl_pcv7 - nckp_andrews","6B",-0.0626684294222359,-0.0493526077607979,-0.446887701189219,0.243439145820598,0.375916666666667,0.624083333333333
"nckp_vdl_pcv7 - nckp_andrews","9V",0.0701440129300594,0.125603852785934,-0.709078106956938,0.513086546875496,0.688416666666667,0.311583333333333
"nckp_vdl_pcv7 - nckp_andrews","14",0.240231750773771,0.251630167796719,-0.0966846311327074,0.514839295217516,0.933916666666667,0.0660833333333333
"nckp_vdl_pcv7 - nckp_andrews","18C",0.297222443800823,0.286365433071263,-0.0328912539060246,0.669458920100059,0.959166666666667,0.0408333333333333
"nckp_vdl_pcv7 - nckp_andrews","19F",0.274581982817555,0.271093882030847,-0.0844006922540528,0.639116277828519,0.9405,0.0595
"nckp_vdl_pcv7 - nckp_andrews","23F",0.247335235164383,0.246011351599956,-0.0940546636634879,0.60209646191516,0.92475,0.07525
