"analysis_id","predictor_label","outcome_label","level","b1_mean","b1_median","b1_lo","b1_hi","rr_median","rr_lo","rr_hi","p_negative"
"multistudy_pcv7_demo","Pooled NCKP + Navajo + South Africa immunogenicity","Pooled Whitney + Andrews + van der Linden PCV7 IPD","global",-0.687609725132483,-0.686060130793427,-0.828146943111879,-0.553957407810076,0.503556111167497,0.436858059575106,0.574671096568708,0.999916666666667
"multistudy_pcv7_demo","Pooled NCKP + Navajo + South Africa immunogenicity","Pooled Whitney + Andrews + van der Linden PCV7 IPD","14",-0.769480376341427,-0.767720440783438,-0.887424079559588,-0.663449795022811,0.464069737931399,0.411714932896054,0.515071375342829,1
"multistudy_pcv7_demo","Pooled NCKP + Navajo + South Africa immunogenicity","Pooled Whitney + Andrews + van der Linden PCV7 IPD","18C",-0.73804764982249,-0.736442377948405,-0.879959636434435,-0.607534778143234,0.478814329429559,0.414799654136723,0.54469200192864,1
"multistudy_pcv7_demo","Pooled NCKP + Navajo + South Africa immunogenicity","Pooled Whitney + Andrews + van der Linden PCV7 IPD","19F",-0.681374755172229,-0.680561850731098,-0.82642490999623,-0.542175969828936,0.506332429186543,0.437610991721516,0.581481588370075,1
"multistudy_pcv7_demo","Pooled NCKP + Navajo + South Africa immunogenicity","Pooled Whitney + Andrews + van der Linden PCV7 IPD","23F",-0.704194975731172,-0.702655628635021,-0.854040863520327,-0.561894567943785,0.495268307139935,0.425691291385691,0.570127893965543,1
"multistudy_pcv7_demo","Pooled NCKP + Navajo + South Africa immunogenicity","Pooled Whitney + Andrews + van der Linden PCV7 IPD","4",-0.613350473379658,-0.612129129647802,-0.765399662843302,-0.467876983223255,0.542195235313605,0.465147991451409,0.626330568086243,1
"multistudy_pcv7_demo","Pooled NCKP + Navajo + South Africa immunogenicity","Pooled Whitney + Andrews + van der Linden PCV7 IPD","6B",-0.509108636302899,-0.50873921820843,-0.618350833267307,-0.403804266208555,0.601253150169686,0.538832329604938,0.667774814574251,1
"multistudy_pcv7_demo","Pooled NCKP + Navajo + South Africa immunogenicity","Pooled Whitney + Andrews + van der Linden PCV7 IPD","9V",-0.797378263946524,-0.792608702263521,-1.00877922871954,-0.619222785262184,0.452662392276867,0.364663879146644,0.538362698457898,1
