"contrast","serotype","diff_mean","diff_median","diff_lo","diff_hi","p_gt_0","p_lt_0"
"wisspar_de_vdl_pcv13 - wisspar_de","1",-0.11718799666196,-0.110439157116767,-0.56375172322206,0.270552832534668,0.296333333333333,0.703666666666667
"wisspar_de_vdl_pcv13 - wisspar_de","3",-0.283674367638722,-0.282254312330482,-0.65191767142791,0.07676486757829,0.0595,0.9405
"wisspar_de_vdl_pcv13 - wisspar_de","6A",-0.29127656425138,-0.18023944252892,-2.20924757389982,0.92982532400437,0.402,0.598
"wisspar_de_vdl_pcv13 - wisspar_de","7F",-0.287766766064035,-0.252049626436434,-0.903712151775478,0.126611824021919,0.113416666666667,0.886583333333333
"wisspar_de_vdl_pcv13 - wisspar_de","19A",0.174958145191979,0.177834009456639,-0.312642470028236,0.641488355979207,0.7715,0.2285
